id;created_by;created_at;updated_by;updated_at
1;impactful Lari transparent;2021-09-14;Lari Regional Real;2021-09-14
2;static hacking Mountain;2021-09-14;Sausages enterprise Rubber;2021-09-14
3;Soft bluetooth;2021-09-14;loyalty systemic navigating;2021-09-14
4;cross-platform infomediaries payment;2021-09-14;Rhode;2021-09-14
5;calculating Implemented;2021-09-14;overriding Oklahoma;2021-09-14
6;Personal;2021-09-14;Springs whiteboard;2021-09-13
7;Tanzanian Awesome GB;2021-09-14;bypass Horizontal distributed;2021-09-13
8;seize Account;2021-09-14;Botswana Ball Cotton;2021-09-14
9;portals deposit;2021-09-14;interfaces synthesize Sleek;2021-09-14
10;Loan generation high-level;2021-09-14;productivity proactive Rubber;2021-09-14
